{"id": 2629707337, "enable": true, "memory": {"messages": []}, "full": false, "sessions": [{"messages": [], "time": 1754215632.3448865}], "timestamp": 1754215632.3460753, "fake_people": false}