{"id": 2661028830, "enable": true, "memory": {"messages": []}, "full": false, "sessions": [{"messages": [], "time": 1754025939.0468674}], "timestamp": 1754025939.0480444, "fake_people": false}