{"id": 2776243065, "enable": true, "memory": {"messages": []}, "full": false, "sessions": [{"messages": [], "time": 1754215879.6008546}], "timestamp": 1754215879.6020465, "fake_people": false}