{"id": 3467672901, "enable": true, "memory": {"messages": []}, "full": false, "sessions": [{"messages": [], "time": 1754052555.8308492}], "timestamp": 1754052555.8320482, "fake_people": false}